datetime,epa_ozone,epa_so2,epa_co,epa_no2,epa_pm25_fem
2023-07-19 00:00:00,0.038,0.3,0.204,,12.1
2023-07-19 01:00:00,0.029,0.2,0.202,,10.8
2023-07-19 02:00:00,0.026,0.2,0.212,,11.2
2023-07-19 03:00:00,0.027,0.2,0.22,,12.5
2023-07-19 04:00:00,0.021,0.2,0.271,,14.1
2023-07-19 05:00:00,0.018,0.3,0.262,,14.4
2023-07-19 06:00:00,0.02,0.2,0.289,,17.5
2023-07-19 07:00:00,0.031,0.2,0.35,,23.1
2023-07-19 08:00:00,0.038,0.2,0.366,,27.4
2023-07-19 09:00:00,0.044,0.2,0.365,,28.7
2023-07-19 10:00:00,0.046,0.1,0.372,,30.7
2023-07-19 11:00:00,0.049,0.3,0.362,5.0,29.6
2023-07-19 12:00:00,0.049,0.3,0.324,4.0,24.0
2023-07-19 13:00:00,0.051,0.3,0.339,3.0,19.5
2023-07-19 14:00:00,0.048,0.2,0.296,4.0,17.7
2023-07-19 15:00:00,0.047,0.3,0.289,4.0,16.6
2023-07-19 16:00:00,0.047,0.3,0.3,4.0,15.3
2023-07-19 17:00:00,0.042,0.2,0.281,4.0,13.9
2023-07-19 18:00:00,0.039,0.3,0.285,4.0,14.3
2023-07-19 19:00:00,0.035,0.3,0.324,7.0,13.1
2023-07-19 20:00:00,0.034,0.3,0.366,9.0,13.1
2023-07-19 21:00:00,0.029,0.3,0.363,11.0,14.9
2023-07-19 22:00:00,0.026,0.3,0.341,10.0,15.0
2023-07-19 23:00:00,0.026,0.3,0.334,5.0,14.5
2023-07-20 00:00:00,0.021,0.3,0.331,6.0,13.0
2023-07-20 01:00:00,0.018,0.3,0.291,7.0,11.6
2023-07-20 02:00:00,0.017,0.3,0.253,5.0,10.5
2023-07-20 03:00:00,0.015,0.3,0.251,6.0,9.9
2023-07-20 04:00:00,0.01,0.3,0.283,9.0,9.0
2023-07-20 05:00:00,0.013,0.2,0.278,11.0,7.6
2023-07-20 06:00:00,0.016,0.3,0.262,13.0,7.1
2023-07-20 07:00:00,0.021,0.3,0.265,12.0,7.0
2023-07-20 08:00:00,0.03,0.3,0.258,9.0,6.8
2023-07-20 09:00:00,0.035,0.4,0.225,6.0,6.3
2023-07-20 10:00:00,0.034,0.3,0.224,4.0,6.0
2023-07-20 11:00:00,,,,,6.3
2023-07-20 12:00:00,,,,,5.9
2023-07-20 13:00:00,,,,,6.6
2023-07-20 14:00:00,,,,,6.2
2023-07-20 15:00:00,,,,,6.3
2023-07-20 16:00:00,0.036,,0.297,,6.0
2023-07-20 17:00:00,0.033,,0.285,4.0,5.7
2023-07-20 18:00:00,0.028,,0.353,9.0,6.1
2023-07-20 19:00:00,0.026,,0.344,7.0,6.4
2023-07-20 20:00:00,0.025,,0.34,8.0,6.8
2023-07-20 21:00:00,0.024,,0.342,7.0,7.0
2023-07-20 22:00:00,0.021,,0.34,9.0,7.5
2023-07-20 23:00:00,0.022,,0.315,7.0,8.3
2023-07-21 00:00:00,0.02,0.2,0.331,,
2023-07-21 01:00:00,0.022,0.2,0.3,,
2023-07-21 02:00:00,0.022,0.2,0.313,,
2023-07-21 03:00:00,,0.2,0.315,12.0,
2023-07-21 04:00:00,0.018,0.2,0.327,9.0,
2023-07-21 05:00:00,0.01,0.2,,12.0,
2023-07-21 06:00:00,0.012,0.3,0.365,11.0,
2023-07-21 07:00:00,0.032,0.2,0.369,7.0,
2023-07-21 08:00:00,0.044,0.2,0.342,6.0,
2023-07-21 09:00:00,0.031,0.3,0.397,13.0,12.8
2023-07-21 10:00:00,0.026,0.3,0.485,12.0,11.7
2023-07-21 11:00:00,0.015,0.6,0.984,28.0,12.5
2023-07-21 12:00:00,0.021,0.7,0.988,27.0,12.4
2023-07-21 13:00:00,0.021,0.6,0.807,31.0,14.0
2023-07-21 14:00:00,0.03,0.5,0.541,24.0,13.6
2023-07-21 15:00:00,0.046,0.3,0.395,8.0,15.0
2023-07-21 16:00:00,0.05,0.3,0.337,4.0,13.5
2023-07-21 17:00:00,0.048,0.2,0.347,4.0,12.4
2023-07-21 18:00:00,0.054,0.3,0.294,7.0,7.0
2023-07-21 19:00:00,0.044,0.3,0.328,14.0,6.3
2023-07-21 20:00:00,0.052,0.3,0.274,8.0,6.0
2023-07-21 21:00:00,0.051,0.3,0.311,8.0,4.0
2023-07-21 22:00:00,0.048,0.3,0.289,8.0,5.8
2023-07-21 23:00:00,0.049,0.3,0.26,4.0,5.8
2023-07-22 00:00:00,0.044,0.2,0.259,6.0,5.0
2023-07-22 01:00:00,0.04,0.2,0.287,6.0,5.1
2023-07-22 02:00:00,0.046,0.2,0.236,2.0,4.2
2023-07-22 03:00:00,0.045,0.2,0.228,2.0,3.6
2023-07-22 04:00:00,0.044,0.2,0.239,2.0,3.9
2023-07-22 05:00:00,0.042,0.2,0.232,3.0,3.8
2023-07-22 06:00:00,0.04,0.2,0.235,3.0,4.5
2023-07-22 07:00:00,0.038,0.2,0.242,4.0,5.0
2023-07-22 08:00:00,0.039,0.2,0.232,3.0,5.3
2023-07-22 09:00:00,0.039,0.2,0.251,3.0,6.6
2023-07-22 10:00:00,0.04,0.2,0.246,3.0,7.2
2023-07-22 11:00:00,0.045,0.2,0.237,2.0,6.8
2023-07-22 12:00:00,0.041,0.3,0.326,8.0,7.0
2023-07-22 13:00:00,0.049,0.3,0.338,7.0,7.8
2023-07-22 14:00:00,0.055,0.3,0.341,7.0,7.8
2023-07-22 15:00:00,0.055,0.3,0.364,7.0,7.3
2023-07-22 16:00:00,0.038,0.2,0.238,2.0,7.5
2023-07-22 17:00:00,0.038,0.2,0.209,2.0,7.2
2023-07-22 18:00:00,0.035,0.3,0.228,3.0,7.4
2023-07-22 19:00:00,0.028,0.3,0.284,6.0,7.5
2023-07-22 20:00:00,0.018,0.3,0.4,13.0,7.2
2023-07-22 21:00:00,0.02,0.3,0.342,9.0,7.4
2023-07-22 22:00:00,0.015,0.3,0.328,10.0,8.3
2023-07-22 23:00:00,0.008,0.3,0.421,14.0,7.8
2023-07-23 00:00:00,0.002,0.4,0.463,17.0,8.2
2023-07-23 01:00:00,0.004,0.3,0.409,13.0,8.8
2023-07-23 02:00:00,0.011,0.2,0.329,6.0,7.8
2023-07-23 03:00:00,0.008,0.3,0.315,7.0,7.8
2023-07-23 04:00:00,0.007,0.3,0.316,8.0,7.8
2023-07-23 05:00:00,0.007,0.4,0.331,9.0,7.6
2023-07-23 06:00:00,0.013,0.3,0.302,6.0,7.5
2023-07-23 07:00:00,0.02,0.3,0.273,4.0,7.7
2023-07-23 08:00:00,0.028,0.2,0.245,2.0,7.5
2023-07-23 09:00:00,0.033,0.2,0.204,1.0,7.6
2023-07-23 10:00:00,0.034,0.2,0.198,0.0,7.5
2023-07-23 11:00:00,0.034,0.1,0.197,1.0,7.6
2023-07-23 12:00:00,0.035,0.2,0.212,1.0,7.6
2023-07-23 13:00:00,0.037,0.2,0.206,1.0,7.7
2023-07-23 14:00:00,0.037,0.3,0.214,1.0,7.3
2023-07-23 15:00:00,0.038,0.2,0.178,1.0,6.7
2023-07-23 16:00:00,0.04,0.2,0.184,1.0,7.1
2023-07-23 17:00:00,,0.2,0.187,1.0,7.5
2023-07-23 18:00:00,,0.3,0.252,3.0,8.4
2023-07-23 19:00:00,0.024,0.4,0.399,11.0,8.5
2023-07-23 20:00:00,0.025,0.3,0.385,10.0,8.6
2023-07-23 21:00:00,0.03,,0.298,6.0,8.1
2023-07-23 22:00:00,0.026,,0.319,8.0,8.3
2023-07-23 23:00:00,0.023,,0.3,8.0,8.4
2023-07-24 00:00:00,0.024,0.3,0.26,,8.2
2023-07-24 01:00:00,0.03,0.3,0.248,,8.6
2023-07-24 02:00:00,0.032,0.2,0.268,,9.0
2023-07-24 03:00:00,,0.2,0.273,6.0,9.3
2023-07-24 04:00:00,0.022,0.3,0.352,12.0,9.7
2023-07-24 05:00:00,0.021,0.3,,12.0,10.3
2023-07-24 06:00:00,0.022,0.3,0.343,14.0,9.9
2023-07-24 07:00:00,0.031,0.3,0.328,10.0,9.9
2023-07-24 08:00:00,0.039,0.4,0.334,9.0,10.1
2023-07-24 09:00:00,,0.6,0.323,6.0,10.6
2023-07-24 10:00:00,,0.9,0.336,6.0,10.5
2023-07-24 11:00:00,0.059,1.0,0.361,5.0,10.4
2023-07-24 12:00:00,0.058,0.8,0.354,5.0,10.3
2023-07-24 13:00:00,0.058,0.4,0.363,5.0,10.3
2023-07-24 14:00:00,0.062,0.2,0.336,4.0,10.6
2023-07-24 15:00:00,0.057,0.1,0.329,5.0,10.0
2023-07-24 16:00:00,0.058,0.1,0.287,3.0,9.8
2023-07-24 17:00:00,0.054,0.1,0.265,3.0,9.5
2023-07-24 18:00:00,0.049,0.3,0.318,3.0,9.5
2023-07-24 19:00:00,0.046,0.3,0.298,4.0,9.5
2023-07-24 20:00:00,0.039,0.3,0.305,6.0,9.2
2023-07-24 21:00:00,0.037,0.3,0.278,6.0,8.9
2023-07-24 22:00:00,0.036,0.2,0.259,4.0,8.4
2023-07-24 23:00:00,0.032,0.3,0.269,5.0,8.3
2023-07-25 00:00:00,0.031,0.2,0.259,5.0,8.4
2023-07-25 01:00:00,0.03,0.2,0.255,4.0,8.6
2023-07-25 02:00:00,0.026,0.2,0.259,7.0,8.5
2023-07-25 03:00:00,0.027,0.2,0.249,4.0,8.6
2023-07-25 04:00:00,0.02,0.2,0.293,7.0,8.8
2023-07-25 05:00:00,0.019,0.2,0.304,8.0,8.6
2023-07-25 06:00:00,0.027,0.2,0.294,6.0,8.4
2023-07-25 07:00:00,0.035,0.2,0.283,5.0,8.0
2023-07-25 08:00:00,0.042,0.2,0.266,3.0,7.7
2023-07-25 09:00:00,0.044,0.2,0.268,3.0,7.6
2023-07-25 10:00:00,0.047,0.2,0.257,3.0,8.1
2023-07-25 11:00:00,0.049,0.2,0.282,4.0,8.6
2023-07-25 12:00:00,0.051,0.1,0.258,3.0,8.5
2023-07-25 13:00:00,0.052,0.2,0.279,4.0,8.5
2023-07-25 14:00:00,0.051,0.3,0.315,8.0,7.1
2023-07-25 15:00:00,0.043,0.3,0.464,12.0,8.0
2023-07-25 16:00:00,0.048,0.3,0.359,7.0,8.2
2023-07-25 17:00:00,0.049,0.3,0.291,5.0,6.8
2023-07-25 18:00:00,0.043,0.2,0.298,8.0,6.0
2023-07-25 19:00:00,0.043,0.2,0.304,7.0,7.6
2023-07-25 20:00:00,0.04,0.2,0.29,7.0,8.5
2023-07-25 21:00:00,0.039,0.2,0.287,6.0,9.8
2023-07-25 22:00:00,0.04,0.2,0.258,4.0,10.4
2023-07-25 23:00:00,0.033,0.2,0.266,4.0,10.9
2023-07-26 00:00:00,0.029,0.2,0.282,4.0,11.6
2023-07-26 01:00:00,0.028,0.2,0.292,4.0,12.7
2023-07-26 02:00:00,0.03,0.2,0.272,3.0,13.3
2023-07-26 03:00:00,0.025,0.2,0.276,5.0,13.1
2023-07-26 04:00:00,0.022,0.2,0.323,8.0,13.3
2023-07-26 05:00:00,0.021,0.2,0.337,10.0,13.5
2023-07-26 06:00:00,0.025,0.2,0.332,8.0,13.6
2023-07-26 07:00:00,0.031,0.1,0.356,7.0,13.5
2023-07-26 08:00:00,0.035,0.2,0.396,7.0,13.7
2023-07-26 09:00:00,0.041,0.2,0.352,7.0,14.0
2023-07-26 10:00:00,0.05,0.2,,5.0,16.9
2023-07-26 11:00:00,0.053,0.2,0.329,4.0,19.6
2023-07-26 12:00:00,0.055,0.2,0.332,3.0,20.8
2023-07-26 13:00:00,0.06,0.2,0.354,3.0,22.4
2023-07-26 14:00:00,0.061,0.2,0.35,3.0,21.6
2023-07-26 15:00:00,0.06,0.2,0.365,3.0,20.6
2023-07-26 16:00:00,0.055,0.2,0.367,3.0,20.2
2023-07-26 17:00:00,0.056,0.3,0.366,4.0,22.1
2023-07-26 18:00:00,0.054,0.3,0.424,5.0,21.5
2023-07-26 19:00:00,0.046,0.3,0.375,7.0,18.9
2023-07-26 20:00:00,0.045,0.3,0.329,5.0,17.0
2023-07-26 21:00:00,0.047,,0.331,4.0,16.1
2023-07-26 22:00:00,0.053,,0.35,4.0,15.3
2023-07-26 23:00:00,0.051,,0.344,4.0,15.6
2023-07-27 00:00:00,0.047,0.2,0.321,,15.7
2023-07-27 01:00:00,0.045,0.2,0.312,,15.4
2023-07-27 02:00:00,0.044,0.3,0.289,,14.7
2023-07-27 03:00:00,,0.2,0.29,5.0,15.0
2023-07-27 04:00:00,0.038,0.3,0.304,4.0,14.2
2023-07-27 05:00:00,0.036,0.2,,7.0,13.6
2023-07-27 06:00:00,0.037,0.2,0.296,6.0,12.6
2023-07-27 07:00:00,0.039,0.2,0.303,,12.3
2023-07-27 08:00:00,0.043,0.2,0.279,,11.5
2023-07-27 09:00:00,0.051,0.2,0.265,,10.7
2023-07-27 10:00:00,0.051,0.2,0.259,3.0,10.4
2023-07-27 11:00:00,0.049,0.2,0.302,3.0,11.6
2023-07-27 12:00:00,0.049,0.4,0.296,3.0,14.0
2023-07-27 13:00:00,0.051,0.5,0.301,3.0,15.1
2023-07-27 14:00:00,0.052,0.5,0.285,2.0,14.9
2023-07-27 15:00:00,0.054,0.6,0.302,3.0,14.6
2023-07-27 16:00:00,0.055,0.4,0.329,5.0,14.3
2023-07-27 17:00:00,0.055,0.1,0.27,5.0,9.4
2023-07-27 18:00:00,0.048,0.2,0.254,5.0,6.4
2023-07-27 19:00:00,0.042,0.3,0.225,5.0,5.6
2023-07-27 20:00:00,0.041,0.3,0.218,4.0,3.6
2023-07-27 21:00:00,0.037,0.2,0.216,4.0,3.7
2023-07-27 22:00:00,0.035,0.2,0.225,3.0,4.5
2023-07-27 23:00:00,0.031,0.2,0.211,2.0,5.0
2023-07-28 00:00:00,0.028,0.2,0.211,2.0,5.3
2023-07-28 01:00:00,0.024,0.2,0.214,4.0,5.8
2023-07-28 02:00:00,0.023,0.2,0.213,3.0,5.8
2023-07-28 03:00:00,0.022,0.2,0.212,3.0,5.6
2023-07-28 04:00:00,0.02,0.2,0.264,6.0,5.7
2023-07-28 05:00:00,0.017,0.3,0.263,7.0,5.6
2023-07-28 06:00:00,0.023,0.2,0.248,6.0,6.3
2023-07-28 07:00:00,0.033,0.2,0.268,4.0,16.4
2023-07-28 08:00:00,0.04,0.2,0.269,4.0,9.2
2023-07-28 09:00:00,0.047,0.2,0.268,5.0,7.3
2023-07-28 10:00:00,0.053,0.2,0.294,7.0,7.7
2023-07-28 11:00:00,0.06,0.3,0.331,9.0,8.0
2023-07-28 12:00:00,0.056,0.4,0.331,8.0,7.7
2023-07-28 13:00:00,0.054,0.4,0.34,5.0,9.9
2023-07-28 14:00:00,0.055,0.4,0.334,3.0,17.7
2023-07-28 15:00:00,0.055,0.4,0.329,4.0,18.2
2023-07-28 16:00:00,0.051,0.3,0.322,3.0,15.7
2023-07-28 17:00:00,0.049,0.2,0.297,3.0,14.6
2023-07-28 18:00:00,0.044,0.1,0.31,4.0,14.8
2023-07-28 19:00:00,0.039,0.2,0.327,5.0,14.1
2023-07-28 20:00:00,0.038,0.3,0.314,5.0,12.7
2023-07-28 21:00:00,0.039,0.3,0.301,5.0,11.0
2023-07-28 22:00:00,0.044,0.3,0.287,3.0,8.4
2023-07-28 23:00:00,0.046,0.2,0.288,3.0,7.3
2023-07-29 00:00:00,0.047,0.3,0.274,3.0,7.2
2023-07-29 01:00:00,0.045,0.3,0.288,4.0,7.3
2023-07-29 02:00:00,0.044,0.3,0.297,4.0,7.6
2023-07-29 03:00:00,0.04,0.3,0.296,4.0,8.0
2023-07-29 04:00:00,0.036,0.3,0.312,5.0,8.6
2023-07-29 05:00:00,0.031,0.3,0.332,7.0,8.8
2023-07-29 06:00:00,0.03,0.2,0.31,6.0,9.0
2023-07-29 07:00:00,0.028,0.2,0.32,5.0,9.2
2023-07-29 08:00:00,0.033,0.3,0.328,5.0,8.9
2023-07-29 09:00:00,0.042,0.2,0.301,3.0,9.2
2023-07-29 10:00:00,0.049,0.2,0.296,3.0,9.9
2023-07-29 11:00:00,0.052,0.4,0.389,11.0,10.6
2023-07-29 12:00:00,0.044,0.3,0.297,6.0,12.9
2023-07-29 13:00:00,0.048,0.3,0.262,4.0,11.7
2023-07-29 14:00:00,0.051,0.3,0.265,4.0,6.8
2023-07-29 15:00:00,0.049,0.2,0.299,6.0,7.1
2023-07-29 16:00:00,0.038,0.3,0.323,16.0,8.6
2023-07-29 17:00:00,0.035,0.3,0.384,18.0,8.2
2023-07-29 18:00:00,0.039,0.3,0.299,12.0,7.8
2023-07-29 19:00:00,0.035,0.3,0.298,11.0,7.7
2023-07-29 20:00:00,0.032,0.2,0.251,3.0,4.6
2023-07-29 21:00:00,0.03,,0.18,3.0,4.1
2023-07-29 22:00:00,0.031,,0.184,3.0,4.5
2023-07-29 23:00:00,0.033,,0.171,1.0,4.3
2023-07-30 00:00:00,0.036,0.2,0.158,,4.1
2023-07-30 01:00:00,0.031,0.2,0.163,,4.9
2023-07-30 02:00:00,0.029,0.2,0.16,,4.1
2023-07-30 03:00:00,,0.2,0.158,1.0,3.3
2023-07-30 04:00:00,0.024,0.2,0.161,1.0,3.4
2023-07-30 05:00:00,0.023,0.2,,1.0,3.8
2023-07-30 06:00:00,0.022,0.2,0.155,1.0,4.2
2023-07-30 07:00:00,0.023,0.2,0.154,0.0,4.4
2023-07-30 08:00:00,0.025,0.2,0.161,0.0,4.8
2023-07-30 09:00:00,0.028,0.2,0.16,0.0,5.3
2023-07-30 10:00:00,0.029,0.2,0.156,1.0,5.8
2023-07-30 11:00:00,0.028,0.2,0.161,1.0,5.7
2023-07-30 12:00:00,0.028,0.2,0.154,1.0,5.1
2023-07-30 13:00:00,0.028,0.2,0.154,1.0,5.0
2023-07-30 14:00:00,0.03,0.2,0.148,1.0,4.2
2023-07-30 15:00:00,0.03,0.2,0.148,1.0,4.2
2023-07-30 16:00:00,0.03,0.2,0.143,1.0,4.7
2023-07-30 17:00:00,0.032,0.2,0.154,1.0,5.8
2023-07-30 18:00:00,0.029,0.2,0.158,2.0,6.5
2023-07-30 19:00:00,0.024,0.3,0.179,4.0,7.7
2023-07-30 20:00:00,0.019,0.3,0.237,8.0,6.6
2023-07-30 21:00:00,0.007,0.3,0.405,16.0,6.3
2023-07-30 22:00:00,0.004,0.4,0.441,17.0,5.9
2023-07-30 23:00:00,0.005,0.3,0.344,15.0,5.4
2023-07-31 00:00:00,0.007,0.3,0.297,10.0,4.8
2023-07-31 01:00:00,0.009,0.3,0.253,7.0,4.8
2023-07-31 02:00:00,0.005,0.3,0.315,9.0,4.7
2023-07-31 03:00:00,0.002,0.3,0.312,9.0,4.5
2023-07-31 04:00:00,0.001,0.3,0.348,10.0,4.8
2023-07-31 05:00:00,0.004,0.4,0.327,10.0,4.7
2023-07-31 06:00:00,0.009,0.3,0.271,7.0,6.5
2023-07-31 07:00:00,0.014,0.3,0.243,6.0,6.4
2023-07-31 08:00:00,0.02,0.3,0.227,4.0,5.3
2023-07-31 09:00:00,0.026,0.2,0.21,4.0,4.5
2023-07-31 10:00:00,0.031,0.2,0.185,2.0,4.8
2023-07-31 11:00:00,0.034,0.2,0.176,2.0,5.2
2023-07-31 12:00:00,0.034,0.2,0.174,3.0,4.9
2023-07-31 13:00:00,0.033,0.2,0.168,2.0,4.4
2023-07-31 14:00:00,0.033,0.2,0.18,2.0,4.5
2023-07-31 15:00:00,0.034,0.2,0.185,2.0,5.1
2023-07-31 16:00:00,0.034,0.2,0.192,3.0,5.5
2023-07-31 17:00:00,0.032,0.3,0.198,3.0,6.6
2023-07-31 18:00:00,0.029,0.3,0.208,4.0,8.6
2023-07-31 19:00:00,0.024,0.3,0.261,8.0,8.0
2023-07-31 20:00:00,0.023,0.3,0.242,8.0,7.4
2023-07-31 21:00:00,0.025,0.3,0.2,4.0,6.6
2023-07-31 22:00:00,0.027,0.2,0.186,4.0,5.4
2023-07-31 23:00:00,0.028,0.2,0.168,2.0,4.9
2023-08-01 00:00:00,0.027,0.2,0.159,2.0,4.5
2023-08-01 01:00:00,0.024,0.2,0.164,3.0,4.4
2023-08-01 02:00:00,0.021,0.2,0.169,3.0,4.4
2023-08-01 03:00:00,0.019,0.2,0.195,4.0,4.5
2023-08-01 04:00:00,0.017,0.2,0.169,5.0,4.4
2023-08-01 05:00:00,0.016,0.2,0.193,6.0,4.2
2023-08-01 06:00:00,0.018,0.3,0.196,6.0,4.2
2023-08-01 07:00:00,0.02,0.3,0.189,4.0,3.9
2023-08-01 08:00:00,0.024,0.3,0.184,4.0,4.0
2023-08-01 09:00:00,0.03,0.2,0.17,2.0,3.4
2023-08-01 10:00:00,0.032,0.2,0.17,3.0,4.3
2023-08-01 11:00:00,0.032,0.2,0.156,2.0,4.3
2023-08-01 12:00:00,0.029,0.2,0.161,3.0,4.1
2023-08-01 13:00:00,0.031,0.2,0.168,2.0,3.6
2023-08-01 14:00:00,0.031,0.2,0.174,2.0,3.5
2023-08-01 15:00:00,0.031,0.2,0.158,2.0,3.3
2023-08-01 16:00:00,0.029,0.2,0.171,2.0,4.3
2023-08-01 17:00:00,0.028,0.2,0.154,2.0,5.5
2023-08-01 18:00:00,0.028,0.3,0.155,2.0,6.7
2023-08-01 19:00:00,0.027,0.3,0.186,3.0,6.4
2023-08-01 20:00:00,0.023,0.3,0.199,5.0,4.9
2023-08-01 21:00:00,0.021,,0.189,6.0,4.2
2023-08-01 22:00:00,0.017,,0.21,8.0,4.2
2023-08-01 23:00:00,0.017,,0.211,7.0,3.8
2023-08-02 00:00:00,0.018,0.2,0.182,,3.7
2023-08-02 01:00:00,0.018,0.2,0.18,,3.6
2023-08-02 02:00:00,0.018,0.2,0.183,,3.2
2023-08-02 03:00:00,,0.2,0.172,6.0,3.2
2023-08-02 04:00:00,0.015,0.2,0.195,7.0,3.4
2023-08-02 05:00:00,0.013,0.3,,10.0,3.5
2023-08-02 06:00:00,0.017,0.3,0.198,7.0,4.1
2023-08-02 07:00:00,0.02,0.3,0.212,8.0,4.7
2023-08-02 08:00:00,0.025,0.2,0.19,6.0,4.0
2023-08-02 09:00:00,0.03,0.1,0.173,3.0,3.7
2023-08-02 10:00:00,0.031,0.3,0.188,6.0,4.0
2023-08-02 11:00:00,0.035,0.3,0.2,5.0,3.9
2023-08-02 12:00:00,0.034,0.4,0.219,6.0,3.9
2023-08-02 13:00:00,0.035,0.3,0.207,5.0,3.5
2023-08-02 14:00:00,0.037,0.3,0.235,6.0,3.5
2023-08-02 15:00:00,0.038,0.3,0.204,7.0,3.5
2023-08-02 16:00:00,0.04,0.3,0.216,6.0,3.3
2023-08-02 17:00:00,0.036,0.3,0.196,4.0,3.4
2023-08-02 18:00:00,0.035,0.3,0.218,4.0,3.1
2023-08-02 19:00:00,0.031,0.3,0.238,5.0,3.4
2023-08-02 20:00:00,0.026,0.3,0.226,6.0,3.5
2023-08-02 21:00:00,0.028,0.3,0.227,5.0,3.8
2023-08-02 22:00:00,0.027,0.2,0.207,5.0,3.9
2023-08-02 23:00:00,0.03,0.2,0.182,3.0,3.7
2023-08-03 00:00:00,0.03,0.2,0.188,4.0,3.8
2023-08-03 01:00:00,0.029,0.2,0.198,5.0,3.7
2023-08-03 02:00:00,0.03,0.2,0.186,4.0,3.6
2023-08-03 03:00:00,0.029,0.2,0.18,3.0,3.6
2023-08-03 04:00:00,0.026,0.2,0.203,5.0,3.7
2023-08-03 05:00:00,0.024,0.2,0.245,7.0,4.1
2023-08-03 06:00:00,0.023,0.3,0.231,8.0,4.2
2023-08-03 07:00:00,0.028,0.3,0.236,7.0,4.9
2023-08-03 08:00:00,0.035,0.3,0.264,6.0,4.9
2023-08-03 09:00:00,0.042,0.3,0.211,4.0,4.9
2023-08-03 10:00:00,0.047,0.3,0.217,4.0,5.4
2023-08-03 11:00:00,0.051,0.3,0.22,3.0,5.4
2023-08-03 12:00:00,0.049,0.3,0.224,4.0,5.2
2023-08-03 13:00:00,0.047,0.3,0.217,3.0,5.0
2023-08-03 14:00:00,0.047,0.3,0.233,4.0,4.9
2023-08-03 15:00:00,0.049,0.3,0.247,4.0,4.7
2023-08-03 16:00:00,0.047,0.3,0.242,4.0,4.1
2023-08-03 17:00:00,0.041,0.3,0.233,4.0,3.8
2023-08-03 18:00:00,0.041,0.3,0.214,3.0,3.8
2023-08-03 19:00:00,0.039,0.3,0.217,3.0,3.8
2023-08-03 20:00:00,0.036,0.3,0.196,3.0,3.7
2023-08-03 21:00:00,0.033,0.3,0.196,4.0,3.6
2023-08-03 22:00:00,0.034,0.3,0.195,3.0,3.8
2023-08-03 23:00:00,0.033,0.2,0.175,3.0,4.0
2023-08-04 00:00:00,0.033,0.2,0.169,2.0,3.8
2023-08-04 01:00:00,0.031,0.3,0.162,3.0,3.7
2023-08-04 02:00:00,0.031,0.3,0.156,2.0,3.8
2023-08-04 03:00:00,0.029,0.2,0.162,3.0,3.9
2023-08-04 04:00:00,0.031,0.2,0.176,3.0,4.3
2023-08-04 05:00:00,0.032,0.2,0.189,3.0,4.2
2023-08-04 06:00:00,0.027,0.3,0.218,5.0,4.3
2023-08-04 07:00:00,0.028,0.2,0.211,4.0,4.0
2023-08-04 08:00:00,0.029,0.2,0.21,4.0,5.1
2023-08-04 09:00:00,0.037,0.2,0.216,4.0,7.3
2023-08-04 10:00:00,0.041,0.3,0.238,5.0,8.5
2023-08-04 11:00:00,0.044,0.2,0.242,4.0,8.2
2023-08-04 12:00:00,0.048,0.2,0.252,3.0,8.2
2023-08-04 13:00:00,0.05,0.3,0.249,3.0,8.5
2023-08-04 14:00:00,0.051,0.2,0.231,3.0,9.0
2023-08-04 15:00:00,0.049,0.3,0.259,4.0,8.8
2023-08-04 16:00:00,0.047,0.3,0.267,4.0,6.9
2023-08-04 17:00:00,0.047,0.3,0.257,4.0,7.6
2023-08-04 18:00:00,0.046,0.3,0.262,4.0,7.0
2023-08-04 19:00:00,0.045,0.4,0.268,3.0,7.7
2023-08-04 20:00:00,0.046,0.3,0.233,3.0,10.4
2023-08-04 21:00:00,0.044,,0.254,5.0,13.4
2023-08-04 22:00:00,0.043,,0.238,5.0,13.9
2023-08-04 23:00:00,0.044,,0.243,3.0,14.0
2023-08-05 00:00:00,0.041,0.3,0.248,,14.2
2023-08-05 01:00:00,0.039,0.3,0.243,,14.6
2023-08-05 02:00:00,0.039,0.3,0.242,,13.6
2023-08-05 03:00:00,,0.2,0.242,3.0,13.5
2023-08-05 04:00:00,0.029,0.2,0.252,5.0,13.4
2023-08-05 05:00:00,0.025,0.3,,6.0,13.9
2023-08-05 06:00:00,0.027,0.2,0.26,5.0,13.4
2023-08-05 07:00:00,0.033,0.2,0.267,3.0,12.2
2023-08-05 08:00:00,0.039,0.2,0.253,3.0,10.8
2023-08-05 09:00:00,0.045,0.2,0.26,3.0,10.8
2023-08-05 10:00:00,0.047,0.2,0.278,4.0,11.5
2023-08-05 11:00:00,0.051,0.3,0.297,5.0,11.6
2023-08-05 12:00:00,0.055,0.3,0.347,7.0,12.1
2023-08-05 13:00:00,0.047,0.3,0.366,9.0,11.4
2023-08-05 14:00:00,0.049,0.4,0.314,7.0,11.1
2023-08-05 15:00:00,0.053,0.3,0.355,6.0,10.5
2023-08-05 16:00:00,0.051,0.3,0.416,8.0,11.7
2023-08-05 17:00:00,0.051,0.3,0.417,10.0,12.5
2023-08-05 18:00:00,0.02,0.4,0.551,36.0,12.8
2023-08-05 19:00:00,0.008,0.5,0.587,49.0,12.9
2023-08-05 20:00:00,0.029,0.5,0.417,19.0,14.1
2023-08-05 21:00:00,0.029,0.4,0.338,11.0,15.8
2023-08-05 22:00:00,0.03,0.3,0.276,6.0,15.1
2023-08-05 23:00:00,0.028,0.3,0.257,4.0,14.1
2023-08-06 00:00:00,0.028,0.3,0.24,3.0,13.3
2023-08-06 01:00:00,0.028,0.3,0.24,3.0,14.2
2023-08-06 02:00:00,0.024,0.2,0.249,4.0,13.4
2023-08-06 03:00:00,0.021,0.2,0.248,5.0,12.3
2023-08-06 04:00:00,0.021,0.2,0.247,5.0,12.2
2023-08-06 05:00:00,0.02,0.3,0.25,4.0,11.7
2023-08-06 06:00:00,0.022,0.3,0.236,4.0,11.9
2023-08-06 07:00:00,0.027,0.3,0.222,2.0,11.4
2023-08-06 08:00:00,0.031,0.3,0.217,2.0,10.7
2023-08-06 09:00:00,0.035,0.2,0.192,1.0,8.4
2023-08-06 10:00:00,0.036,0.2,0.172,0.0,8.7
2023-08-06 11:00:00,0.037,0.2,0.216,1.0,10.1
2023-08-06 12:00:00,0.037,0.2,0.214,1.0,8.9
2023-08-06 13:00:00,0.04,0.2,0.208,1.0,8.4
2023-08-06 14:00:00,0.039,0.2,0.217,1.0,8.5
2023-08-06 15:00:00,0.038,0.2,0.218,2.0,8.7
2023-08-06 16:00:00,0.036,0.2,0.21,2.0,8.8
2023-08-06 17:00:00,0.035,0.2,0.214,1.0,8.9
2023-08-06 18:00:00,0.03,0.2,0.223,3.0,8.3
2023-08-06 19:00:00,0.029,0.3,0.293,6.0,8.4
2023-08-06 20:00:00,0.036,0.3,0.296,5.0,11.2
2023-08-06 21:00:00,0.034,0.3,0.298,5.0,12.1
2023-08-06 22:00:00,0.032,0.3,0.29,5.0,12.4
2023-08-06 23:00:00,0.028,0.3,0.285,9.0,12.9
2023-08-07 00:00:00,0.028,0.3,0.265,9.0,12.9
2023-08-07 01:00:00,0.026,0.2,0.257,10.0,13.4
2023-08-07 02:00:00,0.025,0.2,0.257,9.0,13.8
2023-08-07 03:00:00,0.025,0.2,0.254,8.0,14.1
2023-08-07 04:00:00,0.02,0.2,0.283,13.0,14.5
2023-08-07 05:00:00,0.018,0.3,0.334,16.0,14.4
2023-08-07 06:00:00,0.02,0.3,0.322,15.0,13.1
2023-08-07 07:00:00,0.023,0.2,0.318,13.0,13.3
2023-08-07 08:00:00,0.026,0.3,0.339,10.0,13.5
2023-08-07 09:00:00,0.035,0.2,0.322,6.0,14.4
2023-08-07 10:00:00,0.037,0.2,0.327,6.0,14.8
2023-08-07 11:00:00,0.036,0.2,0.363,7.0,15.6
2023-08-07 12:00:00,0.039,0.3,0.352,6.0,16.2
2023-08-07 13:00:00,0.041,0.3,0.357,6.0,16.4
2023-08-07 14:00:00,0.043,0.3,0.322,4.0,15.3
2023-08-07 15:00:00,0.042,0.3,0.302,4.0,14.9
2023-08-07 16:00:00,0.038,0.3,0.307,3.0,13.8
2023-08-07 17:00:00,0.027,0.3,0.311,9.0,12.5
2023-08-07 18:00:00,0.024,0.3,0.322,10.0,12.1
2023-08-07 19:00:00,0.027,0.3,0.306,6.0,13.4
2023-08-07 20:00:00,0.027,0.3,0.299,5.0,13.8
2023-08-07 21:00:00,0.024,,0.312,7.0,14.1
2023-08-07 22:00:00,0.028,,0.273,4.0,13.5
2023-08-07 23:00:00,0.028,,0.265,3.0,12.9
2023-08-08 00:00:00,0.03,0.3,0.239,,12.2
2023-08-08 01:00:00,0.034,0.3,0.224,,11.9
2023-08-08 02:00:00,0.034,0.3,0.227,,12.0
2023-08-08 03:00:00,,0.3,0.225,1.0,11.5
2023-08-08 04:00:00,0.032,0.3,0.238,2.0,11.1
2023-08-08 05:00:00,0.032,0.3,,3.0,10.4
2023-08-08 06:00:00,0.031,0.3,0.237,3.0,9.5
2023-08-08 07:00:00,0.031,0.3,0.234,4.0,8.8
2023-08-08 08:00:00,0.031,0.3,0.207,4.0,8.4
2023-08-08 09:00:00,0.028,0.2,0.215,5.0,8.9
2023-08-08 10:00:00,0.03,0.3,0.216,6.0,6.3
2023-08-08 11:00:00,0.034,0.4,0.295,5.0,3.6
2023-08-08 12:00:00,0.04,0.3,0.213,3.0,2.5
2023-08-08 13:00:00,0.043,0.3,0.225,4.0,2.9
2023-08-08 14:00:00,0.042,0.3,0.214,3.0,3.3
2023-08-08 15:00:00,0.044,0.3,0.228,3.0,3.8
2023-08-08 16:00:00,0.043,0.4,0.23,4.0,3.8
2023-08-08 17:00:00,0.042,0.3,0.243,3.0,4.0
2023-08-08 18:00:00,0.044,0.3,0.231,4.0,4.3
2023-08-08 19:00:00,0.036,0.3,0.195,3.0,3.5
2023-08-08 20:00:00,0.029,0.4,0.199,3.0,2.6
2023-08-08 21:00:00,0.025,0.3,0.201,1.0,2.5
2023-08-08 22:00:00,0.024,0.3,0.208,2.0,2.7
2023-08-08 23:00:00,0.023,0.3,0.223,1.0,2.3
2023-08-09 00:00:00,0.021,0.3,0.225,1.0,2.1
2023-08-09 01:00:00,0.019,0.3,0.213,1.0,2.0
2023-08-09 02:00:00,0.017,0.3,0.211,1.0,2.1
2023-08-09 03:00:00,0.016,0.3,0.212,1.0,2.0
2023-08-09 04:00:00,0.013,0.3,0.235,2.0,2.0
2023-08-09 05:00:00,0.011,0.3,0.232,4.0,1.8
2023-08-09 06:00:00,0.015,0.3,0.221,2.0,1.8
2023-08-09 07:00:00,0.02,0.3,0.2,2.0,2.5
2023-08-09 08:00:00,0.023,0.3,0.188,1.0,2.6
2023-08-09 09:00:00,0.024,0.3,0.194,1.0,2.8
2023-08-09 10:00:00,0.028,0.3,0.196,1.0,4.2
2023-08-09 11:00:00,0.031,0.3,0.216,2.0,8.0
2023-08-09 12:00:00,0.033,0.3,0.226,2.0,17.3
2023-08-09 13:00:00,0.033,0.3,0.212,2.0,17.2
2023-08-09 14:00:00,0.032,0.3,0.203,2.0,16.0
2023-08-09 15:00:00,0.035,0.3,0.2,2.0,17.3
2023-08-09 16:00:00,0.035,0.3,0.207,2.0,19.4
2023-08-09 17:00:00,0.031,0.3,0.257,5.0,18.1
2023-08-09 18:00:00,0.027,0.3,0.295,7.0,16.9
2023-08-09 19:00:00,0.023,0.4,0.337,9.0,14.8
2023-08-09 20:00:00,0.021,0.4,0.308,8.0,14.5
2023-08-09 21:00:00,0.025,0.4,0.285,5.0,13.8
2023-08-09 22:00:00,0.027,0.3,0.271,4.0,13.6
2023-08-09 23:00:00,0.028,0.3,0.274,4.0,
2023-08-10 00:00:00,0.027,0.3,0.275,5.0,
2023-08-10 01:00:00,0.028,0.3,0.259,5.0,13.4
2023-08-10 02:00:00,0.029,0.3,0.261,4.0,13.2
2023-08-10 03:00:00,0.029,0.3,0.281,4.0,13.2
2023-08-10 04:00:00,0.025,0.3,0.363,8.0,13.6
2023-08-10 05:00:00,0.025,0.3,0.37,9.0,13.7
2023-08-10 06:00:00,0.025,0.3,0.345,9.0,14.0
2023-08-10 07:00:00,0.024,0.3,0.378,10.0,14.6
2023-08-10 08:00:00,0.03,0.3,0.379,9.0,14.5
2023-08-10 09:00:00,0.035,0.3,0.39,9.0,14.8
2023-08-10 10:00:00,0.048,0.3,0.364,5.0,14.8
2023-08-10 11:00:00,0.049,0.3,0.316,4.0,14.4
2023-08-10 12:00:00,0.047,0.3,0.303,4.0,14.3
2023-08-10 13:00:00,0.046,0.3,0.303,5.0,13.3
2023-08-10 14:00:00,0.049,0.4,0.355,5.0,14.1
2023-08-10 15:00:00,0.054,0.4,0.319,5.0,12.2
2023-08-10 16:00:00,0.049,0.4,0.345,8.0,10.9
2023-08-10 17:00:00,0.043,0.4,0.362,7.0,10.2
2023-08-10 18:00:00,0.038,0.4,0.313,6.0,10.6
2023-08-10 19:00:00,0.034,0.4,0.305,6.0,10.4
2023-08-10 20:00:00,0.037,0.3,0.257,4.0,10.4
2023-08-10 21:00:00,0.043,,0.206,2.0,9.7
2023-08-10 22:00:00,0.044,,0.214,2.0,9.6
2023-08-10 23:00:00,0.042,,0.218,3.0,9.0
2023-08-11 00:00:00,0.041,0.3,0.197,,6.3
2023-08-11 01:00:00,0.037,0.3,0.19,,5.1
2023-08-11 02:00:00,0.034,0.3,0.2,,6.6
2023-08-11 03:00:00,,0.3,0.207,2.0,8.2
2023-08-11 04:00:00,0.027,0.3,0.276,6.0,8.9
2023-08-11 05:00:00,0.025,0.3,,6.0,9.6
2023-08-11 06:00:00,0.028,0.3,0.269,6.0,10.3
2023-08-11 07:00:00,0.033,0.3,0.257,4.0,10.1
2023-08-11 08:00:00,0.036,0.3,0.255,3.0,9.6
2023-08-11 09:00:00,0.038,0.2,0.235,2.0,8.4
2023-08-11 10:00:00,0.039,0.2,0.228,2.0,8.6
2023-08-11 11:00:00,0.038,0.3,0.233,2.0,8.0
2023-08-11 12:00:00,0.037,0.3,0.23,2.0,7.9
2023-08-11 13:00:00,0.036,0.3,0.212,3.0,5.9
2023-08-11 14:00:00,0.038,0.2,0.201,2.0,6.0
2023-08-11 15:00:00,0.037,0.3,0.204,3.0,4.9
2023-08-11 16:00:00,0.037,0.3,0.202,2.0,5.0
2023-08-11 17:00:00,0.035,0.3,0.212,3.0,5.4
2023-08-11 18:00:00,0.032,0.3,0.24,5.0,6.1
2023-08-11 19:00:00,0.027,0.4,0.278,8.0,6.0
2023-08-11 20:00:00,0.025,0.3,0.276,8.0,5.7
2023-08-11 21:00:00,0.023,0.3,0.281,8.0,5.1
2023-08-11 22:00:00,0.022,0.3,0.28,8.0,5.2
2023-08-11 23:00:00,0.023,0.3,0.263,5.0,4.9
2023-08-12 00:00:00,0.022,0.3,0.228,5.0,5.1
2023-08-12 01:00:00,0.021,0.2,0.242,4.0,5.2
2023-08-12 02:00:00,0.016,0.3,0.251,6.0,4.8
2023-08-12 03:00:00,0.007,0.3,0.273,13.0,4.4
2023-08-12 04:00:00,0.004,0.3,0.296,13.0,5.0
2023-08-12 05:00:00,0.007,0.3,0.3,11.0,5.0
2023-08-12 06:00:00,0.014,0.3,0.283,7.0,5.0
2023-08-12 07:00:00,0.023,0.3,0.263,5.0,4.8
2023-08-12 08:00:00,0.03,0.2,0.234,4.0,4.5
2023-08-12 09:00:00,0.036,0.2,0.238,3.0,4.5
2023-08-12 10:00:00,0.041,0.2,0.254,4.0,5.9
2023-08-12 11:00:00,0.038,0.4,0.345,10.0,6.4
2023-08-12 12:00:00,0.041,0.3,0.362,8.0,6.0
2023-08-12 13:00:00,0.042,0.3,0.34,7.0,7.0
2023-08-12 14:00:00,0.046,0.3,0.357,8.0,7.4
2023-08-12 15:00:00,0.049,0.4,0.323,8.0,7.8
2023-08-12 16:00:00,0.056,0.3,0.286,3.0,8.7
2023-08-12 17:00:00,0.055,0.3,0.326,3.0,11.2
2023-08-12 18:00:00,0.052,0.3,0.373,5.0,11.8
2023-08-12 19:00:00,0.052,0.3,0.32,4.0,10.9
2023-08-12 20:00:00,0.053,0.3,0.278,3.0,10.2
2023-08-12 21:00:00,0.049,0.3,0.279,3.0,10.6
2023-08-12 22:00:00,0.046,0.3,0.277,4.0,10.9
2023-08-12 23:00:00,0.045,0.3,0.246,2.0,10.6
2023-08-13 00:00:00,0.044,0.3,0.237,2.0,10.2
2023-08-13 01:00:00,0.045,0.2,0.212,1.0,9.4
2023-08-13 02:00:00,0.042,0.2,0.208,2.0,8.7
2023-08-13 03:00:00,0.041,0.3,0.203,2.0,9.0
2023-08-13 04:00:00,0.04,0.3,0.214,1.0,9.0
2023-08-13 05:00:00,0.039,0.3,0.188,2.0,7.5
2023-08-13 06:00:00,0.034,0.3,0.191,3.0,7.0
2023-08-13 07:00:00,0.037,0.2,0.181,2.0,5.9
2023-08-13 08:00:00,0.041,0.2,0.19,2.0,5.5
2023-08-13 09:00:00,0.048,0.2,0.158,1.0,4.4
2023-08-13 10:00:00,0.049,0.3,0.179,2.0,4.2
2023-08-13 11:00:00,0.051,0.2,0.212,1.0,3.7
2023-08-13 12:00:00,0.051,0.2,0.197,2.0,4.0
2023-08-13 13:00:00,0.05,0.3,0.205,2.0,4.5
2023-08-13 14:00:00,0.049,0.3,0.189,2.0,4.6
2023-08-13 15:00:00,0.045,0.2,0.201,2.0,4.7
2023-08-13 16:00:00,0.043,0.3,0.187,2.0,5.1
2023-08-13 17:00:00,0.043,0.3,0.16,2.0,6.8
2023-08-13 18:00:00,0.037,0.3,0.167,3.0,6.5
2023-08-13 19:00:00,0.033,0.4,0.178,3.0,5.4
2023-08-13 20:00:00,0.031,0.3,0.191,3.0,4.6
2023-08-13 21:00:00,0.029,,0.192,3.0,4.1
2023-08-13 22:00:00,0.029,,0.2,3.0,3.7
2023-08-13 23:00:00,0.027,,0.198,3.0,3.5
2023-08-14 00:00:00,0.028,0.2,0.186,,3.5
2023-08-14 01:00:00,0.029,0.2,0.181,,3.1
2023-08-14 02:00:00,0.026,0.3,0.182,,3.1
2023-08-14 03:00:00,,0.3,0.189,3.0,3.4
2023-08-14 04:00:00,0.02,0.3,0.227,5.0,3.4
2023-08-14 05:00:00,0.017,0.3,,7.0,3.5
2023-08-14 06:00:00,0.015,0.3,0.236,8.0,3.7
2023-08-14 07:00:00,0.018,0.3,0.256,6.0,3.6
2023-08-14 08:00:00,0.023,0.3,0.241,,3.3
2023-08-14 09:00:00,0.028,,0.227,,
2023-08-14 10:00:00,0.034,0.3,,,3.6
2023-08-14 11:00:00,0.035,0.2,0.224,2.0,3.5
2023-08-14 12:00:00,0.033,0.3,0.191,2.0,3.6
2023-08-14 13:00:00,0.033,0.3,0.193,3.0,3.3
2023-08-14 14:00:00,0.034,0.2,0.192,2.0,3.2
2023-08-14 15:00:00,0.034,0.3,0.213,3.0,3.1
2023-08-14 16:00:00,0.036,0.3,0.212,3.0,3.2
2023-08-14 17:00:00,0.035,0.3,0.227,4.0,3.8
2023-08-14 18:00:00,0.029,0.3,0.288,7.0,3.9
2023-08-14 19:00:00,0.026,0.3,0.264,8.0,4.5
2023-08-14 20:00:00,0.024,0.3,0.291,10.0,4.9
2023-08-14 21:00:00,0.026,0.3,0.275,10.0,4.9
2023-08-14 22:00:00,0.036,0.3,0.229,6.0,5.5
2023-08-14 23:00:00,0.037,0.3,0.226,4.0,5.0
2023-08-15 00:00:00,0.033,0.3,0.218,5.0,5.3
2023-08-15 01:00:00,0.029,0.3,0.238,6.0,5.5
2023-08-15 02:00:00,0.019,0.3,0.258,10.0,5.8
2023-08-15 03:00:00,0.016,0.3,0.246,14.0,6.2
2023-08-15 04:00:00,0.007,0.3,0.321,24.0,6.9
2023-08-15 05:00:00,0.013,0.3,0.274,22.0,6.5
2023-08-15 06:00:00,0.018,0.3,0.247,14.0,6.2
2023-08-15 07:00:00,0.017,0.3,0.251,19.0,5.3
2023-08-15 08:00:00,0.022,0.3,0.265,17.0,6.0
2023-08-15 09:00:00,0.024,0.3,0.244,13.0,4.5
2023-08-15 10:00:00,0.027,0.3,0.246,13.0,4.2
2023-08-15 11:00:00,0.03,0.3,0.22,9.0,3.9
2023-08-15 12:00:00,0.031,0.3,0.237,9.0,3.5
2023-08-15 13:00:00,0.029,0.3,0.244,11.0,3.2
2023-08-15 14:00:00,0.028,0.3,0.259,11.0,3.0
2023-08-15 15:00:00,0.027,0.3,0.252,11.0,3.2
2023-08-15 16:00:00,0.029,0.3,0.24,11.0,3.4
2023-08-15 17:00:00,0.03,0.3,0.219,11.0,3.6
2023-08-15 18:00:00,0.029,0.3,0.238,10.0,3.4
2023-08-15 19:00:00,0.025,0.3,0.227,12.0,3.4
2023-08-15 20:00:00,0.024,0.3,0.224,12.0,3.4
2023-08-15 21:00:00,0.029,0.3,0.19,8.0,3.9
2023-08-15 22:00:00,0.026,0.3,0.197,9.0,3.7
2023-08-15 23:00:00,0.029,0.3,0.186,6.0,3.8
2023-08-16 00:00:00,0.03,0.3,0.178,4.0,3.8
2023-08-16 01:00:00,0.025,0.3,0.182,9.0,3.5
2023-08-16 02:00:00,0.026,0.3,0.192,9.0,3.6
2023-08-16 03:00:00,0.029,0.3,0.186,8.0,3.5
2023-08-16 04:00:00,0.029,0.2,0.195,8.0,3.4
2023-08-16 05:00:00,0.025,0.3,0.205,10.0,3.5
2023-08-16 06:00:00,0.021,0.3,0.234,12.0,4.0
2023-08-16 07:00:00,0.025,0.3,0.22,9.0,3.5
2023-08-16 08:00:00,0.032,0.2,0.193,6.0,3.9
2023-08-16 09:00:00,0.032,0.2,0.187,8.0,4.3
2023-08-16 10:00:00,0.034,0.3,0.176,8.0,4.7
2023-08-16 11:00:00,0.032,0.3,0.192,9.0,4.4
2023-08-16 12:00:00,0.031,0.3,0.219,10.0,3.8
2023-08-16 13:00:00,0.033,0.3,0.209,7.0,3.7
2023-08-16 14:00:00,0.03,0.3,0.204,7.0,3.5
2023-08-16 15:00:00,0.031,0.3,0.201,6.0,3.4
2023-08-16 16:00:00,0.032,0.3,0.279,5.0,4.5
2023-08-16 17:00:00,0.029,0.2,0.207,7.0,3.6
2023-08-16 18:00:00,0.027,0.3,0.217,7.0,3.8
2023-08-16 19:00:00,0.028,0.3,0.207,5.0,3.7
2023-08-16 20:00:00,0.024,0.2,0.233,6.0,3.3
2023-08-16 21:00:00,0.021,,0.218,7.0,3.3
2023-08-16 22:00:00,0.014,,0.248,13.0,3.2
2023-08-16 23:00:00,0.017,,0.215,10.0,2.8
2023-08-17 00:00:00,0.015,0.2,0.234,,2.7
2023-08-17 01:00:00,0.014,0.2,0.228,,2.8
2023-08-17 02:00:00,0.008,0.3,0.295,,3.1
2023-08-17 03:00:00,,0.3,0.3,,3.8
2023-08-17 04:00:00,0.003,0.4,0.319,,3.6
2023-08-17 05:00:00,0.014,0.3,,,3.0
2023-08-17 06:00:00,0.026,0.3,0.233,,2.1
2023-08-17 07:00:00,0.031,0.2,0.167,,1.8
2023-08-17 08:00:00,0.03,0.3,0.168,,1.8
2023-08-17 09:00:00,0.032,0.2,0.19,,2.4
2023-08-17 10:00:00,0.029,0.2,0.22,,1.9
2023-08-17 11:00:00,0.028,0.3,0.235,,1.5
2023-08-17 12:00:00,0.027,0.3,0.22,,2.0
2023-08-17 13:00:00,0.028,0.3,0.232,,2.1
2023-08-17 14:00:00,0.027,0.3,0.268,,2.2
2023-08-17 15:00:00,0.026,0.3,0.264,,2.0
2023-08-17 16:00:00,0.026,0.3,0.251,,2.3
2023-08-17 17:00:00,0.024,0.3,0.24,,4.4
2023-08-17 18:00:00,0.025,0.3,0.235,,3.4
2023-08-17 19:00:00,0.024,0.3,0.226,,3.9
2023-08-17 20:00:00,0.023,0.3,0.224,,3.0
2023-08-17 21:00:00,0.022,0.3,0.192,,2.7
2023-08-17 22:00:00,0.023,0.3,0.2,,3.3
2023-08-17 23:00:00,0.02,0.3,0.194,,3.0
2023-08-18 00:00:00,0.023,0.3,0.193,,2.6
2023-08-18 01:00:00,0.02,0.3,0.192,,1.9
2023-08-18 02:00:00,0.017,0.3,0.189,,1.2
2023-08-18 03:00:00,0.018,0.3,0.176,,1.7
2023-08-18 04:00:00,0.018,0.3,0.18,,3.3
2023-08-18 05:00:00,0.015,0.3,0.215,,3.8
2023-08-18 06:00:00,0.015,0.3,0.222,,3.4
2023-08-18 07:00:00,0.006,0.5,0.256,,5.1
2023-08-18 08:00:00,0.013,0.5,0.247,,4.2
2023-08-18 09:00:00,0.037,0.3,0.165,,4.3
2023-08-18 10:00:00,0.027,0.3,0.211,,2.3
2023-08-18 11:00:00,0.028,0.3,0.226,,2.8
2023-08-18 12:00:00,0.035,0.3,0.276,,2.6
2023-08-18 13:00:00,0.043,0.3,0.218,,2.5
2023-08-18 14:00:00,0.045,0.3,0.23,,2.5
2023-08-18 15:00:00,0.04,0.3,0.276,,3.8
2023-08-18 16:00:00,0.038,0.3,0.299,,3.0
2023-08-18 17:00:00,0.035,0.3,0.283,,3.5
2023-08-18 18:00:00,0.033,0.3,0.307,,4.2
2023-08-18 19:00:00,0.031,0.3,0.28,,6.5
2023-08-18 20:00:00,0.028,0.3,0.307,,6.5
2023-08-18 21:00:00,0.027,0.3,0.331,,7.0
2023-08-18 22:00:00,0.029,0.3,0.323,,8.3
2023-08-18 23:00:00,0.03,0.3,0.335,,10.1
2023-08-19 00:00:00,0.029,0.3,0.331,,10.2
2023-08-19 01:00:00,0.029,0.3,0.304,,9.9
2023-08-19 02:00:00,0.025,0.3,0.301,,10.4
2023-08-19 03:00:00,0.025,0.2,0.302,,10.3
2023-08-19 04:00:00,0.021,0.3,0.3,,9.8
2023-08-19 05:00:00,0.021,0.3,0.303,,10.2
2023-08-19 06:00:00,0.021,0.2,0.308,,9.0
2023-08-19 07:00:00,0.022,0.3,0.296,,7.5
2023-08-19 08:00:00,0.024,0.2,0.315,,5.4
2023-08-19 09:00:00,0.027,0.2,0.298,,4.0
2023-08-19 10:00:00,0.027,0.2,0.287,,4.1
2023-08-19 11:00:00,0.028,0.3,0.308,,4.7
2023-08-19 12:00:00,0.03,0.2,0.293,,6.0
2023-08-19 13:00:00,0.028,0.2,0.291,,7.0
2023-08-19 14:00:00,0.029,0.3,0.273,,7.5
2023-08-19 15:00:00,0.028,0.3,0.285,,7.2
2023-08-19 16:00:00,0.024,0.3,0.321,,7.3
2023-08-19 17:00:00,0.024,0.3,0.317,,7.3
2023-08-19 18:00:00,0.022,0.4,0.323,,7.5
2023-08-19 19:00:00,0.02,0.4,0.33,,8.3
2023-08-19 20:00:00,0.019,0.3,0.303,,9.0
2023-08-19 21:00:00,0.018,,0.312,,9.4
2023-08-19 22:00:00,0.017,,0.305,,8.5
2023-08-19 23:00:00,0.015,,0.308,,8.1
2023-08-20 00:00:00,0.019,0.2,0.267,,8.1
2023-08-20 01:00:00,0.022,0.3,0.244,,8.7
2023-08-20 02:00:00,0.028,0.3,0.23,,10.6
2023-08-20 03:00:00,,0.2,0.231,1.0,11.9
2023-08-20 04:00:00,0.027,0.3,0.237,2.0,12.6
2023-08-20 05:00:00,0.026,0.3,,2.0,13.0
2023-08-20 06:00:00,0.027,0.3,0.246,2.0,13.4
2023-08-20 07:00:00,0.03,0.3,0.261,2.0,14.6
2023-08-20 08:00:00,0.033,0.2,0.242,2.0,15.6
2023-08-20 09:00:00,0.036,0.2,0.245,1.0,16.7
2023-08-20 10:00:00,0.036,0.3,0.262,1.0,18.1
2023-08-20 11:00:00,0.037,0.3,0.294,3.0,19.5
2023-08-20 12:00:00,0.038,0.4,0.297,1.0,21.4
2023-08-20 13:00:00,0.042,0.3,0.287,1.0,20.6
2023-08-20 14:00:00,0.045,0.3,0.281,1.0,19.5
2023-08-20 15:00:00,0.045,0.3,0.28,2.0,19.3
2023-08-20 16:00:00,0.041,0.3,0.288,2.0,18.6
2023-08-20 17:00:00,0.038,0.3,0.291,2.0,17.4
2023-08-20 18:00:00,0.035,0.3,0.298,3.0,17.8
2023-08-20 19:00:00,0.032,0.4,0.335,4.0,18.4
2023-08-20 20:00:00,0.026,0.3,0.324,8.0,18.0
2023-08-20 21:00:00,0.026,0.3,0.339,6.0,17.4
2023-08-20 22:00:00,0.023,0.3,0.332,8.0,17.6
2023-08-20 23:00:00,0.022,0.3,0.318,8.0,16.4
2023-08-21 00:00:00,0.018,0.3,0.298,12.0,16.0
2023-08-21 01:00:00,0.021,0.3,0.287,10.0,14.7
2023-08-21 02:00:00,0.025,0.3,0.306,6.0,14.2
2023-08-21 03:00:00,0.021,0.3,0.277,10.0,14.2
2023-08-21 04:00:00,0.017,0.3,0.343,14.0,14.5
2023-08-21 05:00:00,0.017,0.3,0.373,15.0,14.3
2023-08-21 06:00:00,0.014,0.3,0.36,,14.5
2023-08-21 07:00:00,0.024,0.3,0.351,,14.6
2023-08-21 08:00:00,0.023,0.2,0.358,,14.9
2023-08-21 09:00:00,0.027,0.3,0.363,,14.8
2023-08-21 10:00:00,0.042,0.3,0.313,,15.4
2023-08-21 11:00:00,0.047,0.4,0.331,,15.9
2023-08-21 12:00:00,0.048,0.4,0.328,,16.2
2023-08-21 13:00:00,0.044,0.2,0.313,3.0,17.1
2023-08-21 14:00:00,0.046,0.1,0.331,3.0,17.8
2023-08-21 15:00:00,0.045,0.3,0.335,2.0,17.8
2023-08-21 16:00:00,0.043,0.3,0.35,4.0,18.8
2023-08-21 17:00:00,0.041,0.3,0.36,4.0,18.9
2023-08-21 18:00:00,0.029,0.4,0.542,18.0,19.5
2023-08-21 19:00:00,0.028,0.3,0.401,8.0,19.1
2023-08-21 20:00:00,0.024,0.3,0.42,7.0,16.9
2023-08-21 21:00:00,0.025,0.3,0.368,9.0,16.4
2023-08-21 22:00:00,0.025,0.3,0.302,7.0,15.6
2023-08-21 23:00:00,0.029,0.3,0.254,3.0,12.5
2023-08-22 00:00:00,0.027,0.3,0.235,2.0,11.6
2023-08-22 01:00:00,0.026,0.3,0.232,2.0,11.1
2023-08-22 02:00:00,0.026,0.2,0.225,1.0,10.2
2023-08-22 03:00:00,0.025,0.3,0.225,2.0,8.6
2023-08-22 04:00:00,0.024,0.3,0.241,3.0,8.7
2023-08-22 05:00:00,0.02,0.3,0.269,6.0,8.9
2023-08-22 06:00:00,0.02,0.3,0.263,6.0,8.7
2023-08-22 07:00:00,0.02,0.3,0.272,5.0,9.4
2023-08-22 08:00:00,0.023,0.3,0.259,4.0,9.1
2023-08-22 09:00:00,0.028,0.3,0.262,4.0,8.9
2023-08-22 10:00:00,0.03,0.3,0.238,3.0,8.4
2023-08-22 11:00:00,0.033,,0.227,3.0,8.6
2023-08-22 12:00:00,0.031,,0.238,4.0,7.8
2023-08-22 13:00:00,0.03,,0.257,5.0,6.8
2023-08-22 14:00:00,0.031,0.4,0.262,3.0,6.2
2023-08-22 15:00:00,0.032,0.2,0.257,4.0,6.0
2023-08-22 16:00:00,0.033,0.3,0.258,4.0,6.1
2023-08-22 17:00:00,0.029,0.3,0.274,7.0,6.8
2023-08-22 18:00:00,0.019,0.4,0.367,13.0,8.3
2023-08-22 19:00:00,0.01,0.5,0.433,20.0,10.1
2023-08-22 20:00:00,0.024,0.3,0.257,6.0,9.2
2023-08-22 21:00:00,0.026,,0.205,4.0,6.1
2023-08-22 22:00:00,0.027,,0.194,5.0,5.3
2023-08-22 23:00:00,0.027,,0.163,3.0,4.7
2023-08-23 00:00:00,0.026,0.2,0.16,,4.5
2023-08-23 01:00:00,0.027,0.3,0.156,,4.0
2023-08-23 02:00:00,0.026,0.3,0.161,,4.2
2023-08-23 03:00:00,,0.3,0.171,5.0,4.4
2023-08-23 04:00:00,0.02,0.3,0.188,7.0,4.6
2023-08-23 05:00:00,0.016,0.3,,10.0,4.4
2023-08-23 06:00:00,0.016,0.3,0.239,9.0,5.1
2023-08-23 07:00:00,0.019,0.4,0.234,9.0,4.8
2023-08-23 08:00:00,0.023,0.2,0.193,6.0,7.5
2023-08-23 09:00:00,0.027,,0.179,5.0,5.7
2023-08-23 10:00:00,0.03,,0.198,6.0,4.7
2023-08-23 11:00:00,0.034,,0.201,4.0,5.0
2023-08-23 12:00:00,0.035,,0.195,3.0,4.5
2023-08-23 13:00:00,0.042,,0.197,4.0,5.0
2023-08-23 14:00:00,0.04,0.4,0.237,6.0,5.6
2023-08-23 15:00:00,0.037,0.3,0.223,6.0,5.4
2023-08-23 16:00:00,0.042,0.3,0.237,6.0,6.4
2023-08-23 17:00:00,0.039,0.3,0.261,6.0,5.3
2023-08-23 18:00:00,0.026,0.3,0.269,5.0,4.6
2023-08-23 19:00:00,0.024,0.3,0.276,7.0,4.8
2023-08-23 20:00:00,0.024,0.3,0.264,7.0,4.9
2023-08-23 21:00:00,0.028,0.3,0.233,5.0,5.0
2023-08-23 22:00:00,0.028,0.3,0.225,6.0,4.9
2023-08-23 23:00:00,0.027,0.3,0.22,4.0,4.7
2023-08-24 00:00:00,0.019,0.3,0.243,9.0,5.3
